frustration_pred,position,wildtype,mutation,chain,pdb
0.5624058842658997,0,M,A,A,1ubq
1.3465240001678467,0,M,C,A,1ubq
-1.2169198989868164,0,M,D,A,1ubq
-1.0407276153564453,0,M,E,A,1ubq
0.9968884587287903,0,M,F,A,1ubq
-0.4119594693183899,0,M,G,A,1ubq
-0.2354157269001007,0,M,H,A,1ubq
1.6435623168945312,0,M,I,A,1ubq
-0.9663025140762329,0,M,K,A,1ubq
1.2986946105957031,0,M,L,A,1ubq
1.1404216289520264,0,M,M,A,1ubq
-1.2072123289108276,0,M,N,A,1ubq
-0.8468732237815857,0,M,P,A,1ubq
-0.8845421075820923,0,M,Q,A,1ubq
-0.5158168077468872,0,M,R,A,1ubq
-0.7539832592010498,0,M,S,A,1ubq
-0.23854689300060272,0,M,T,A,1ubq
1.3909425735473633,0,M,V,A,1ubq
0.6349326968193054,0,M,W,A,1ubq
0.1357923150062561,0,M,Y,A,1ubq
-0.19104425609111786,1,Q,A,A,1ubq
1.4509670734405518,1,Q,C,A,1ubq
-0.40394818782806396,1,Q,D,A,1ubq
-0.4835541844367981,1,Q,E,A,1ubq
0.44660210609436035,1,Q,F,A,1ubq
-0.35533198714256287,1,Q,G,A,1ubq
0.03522482141852379,1,Q,H,A,1ubq
1.5845805406570435,1,Q,I,A,1ubq
-1.0093315839767456,1,Q,K,A,1ubq
1.073388695716858,1,Q,L,A,1ubq
0.0034165293909609318,1,Q,M,A,1ubq
-0.5585188865661621,1,Q,N,A,1ubq
-1.0148247480392456,1,Q,P,A,1ubq
-0.7711567282676697,1,Q,Q,A,1ubq
-0.04215225949883461,1,Q,R,A,1ubq
-0.35775133967399597,1,Q,S,A,1ubq
0.17337752878665924,1,Q,T,A,1ubq
1.3384612798690796,1,Q,V,A,1ubq
-1.1079273223876953,1,Q,W,A,1ubq
-1.6372144222259521,1,Q,Y,A,1ubq
0.5718047022819519,2,I,A,A,1ubq
1.4552843570709229,2,I,C,A,1ubq
-1.0825930833816528,2,I,D,A,1ubq
-1.0073554515838623,2,I,E,A,1ubq
1.1926203966140747,2,I,F,A,1ubq
-0.35392969846725464,2,I,G,A,1ubq
-0.14003142714500427,2,I,H,A,1ubq
1.7369446754455566,2,I,I,A,1ubq
-1.0639063119888306,2,I,K,A,1ubq
1.368604063987732,2,I,L,A,1ubq
0.7341640591621399,2,I,M,A,1ubq
-0.9082587957382202,2,I,N,A,1ubq
-0.8426188230514526,2,I,P,A,1ubq
-0.8585149645805359,2,I,Q,A,1ubq
-0.3306940495967865,2,I,R,A,1ubq
-0.5597668290138245,2,I,S,A,1ubq
-0.15629149973392487,2,I,T,A,1ubq
1.4870548248291016,2,I,V,A,1ubq
0.1863172948360443,2,I,W,A,1ubq
-0.24838213622570038,2,I,Y,A,1ubq
-0.11317846924066544,3,F,A,A,1ubq
1.6528023481369019,3,F,C,A,1ubq
-1.0604395866394043,3,F,D,A,1ubq
-1.2711775302886963,3,F,E,A,1ubq
0.5695414543151855,3,F,F,A,1ubq
-0.4888324439525604,3,F,G,A,1ubq
0.13057373464107513,3,F,H,A,1ubq
1.535919189453125,3,F,I,A,1ubq
-0.7340497970581055,3,F,K,A,1ubq
1.0731009244918823,3,F,L,A,1ubq
-0.1594836562871933,3,F,M,A,1ubq
-0.6186596751213074,3,F,N,A,1ubq
-1.4064370393753052,3,F,P,A,1ubq
-0.947861909866333,3,F,Q,A,1ubq
0.5582531690597534,3,F,R,A,1ubq
-0.18839989602565765,3,F,S,A,1ubq
0.1967303305864334,3,F,T,A,1ubq
1.3568423986434937,3,F,V,A,1ubq
-0.9888574481010437,3,F,W,A,1ubq
-1.6378735303878784,3,F,Y,A,1ubq
0.79783695936203,4,V,A,A,1ubq
1.337622046470642,4,V,C,A,1ubq
-1.139365553855896,4,V,D,A,1ubq
-1.0352054834365845,4,V,E,A,1ubq
1.1639399528503418,4,V,F,A,1ubq
-0.35171645879745483,4,V,G,A,1ubq
-0.28858011960983276,4,V,H,A,1ubq
1.4420158863067627,4,V,I,A,1ubq
-1.1247159242630005,4,V,K,A,1ubq
1.3102604150772095,4,V,L,A,1ubq
1.0199205875396729,4,V,M,A,1ubq
-0.9829090237617493,4,V,N,A,1ubq
-0.9383713006973267,4,V,P,A,1ubq
-0.8785706758499146,4,V,Q,A,1ubq
-0.6902851462364197,4,V,R,A,1ubq
-0.5727616548538208,4,V,S,A,1ubq
-0.15663351118564606,4,V,T,A,1ubq
1.360878586769104,4,V,V,A,1ubq
0.9249193072319031,4,V,W,A,1ubq
0.6205047369003296,4,V,Y,A,1ubq
0.5431498289108276,5,K,A,A,1ubq
1.408061146736145,5,K,C,A,1ubq
-1.256746768951416,5,K,D,A,1ubq
-1.1153432130813599,5,K,E,A,1ubq
1.011087417602539,5,K,F,A,1ubq
-0.5706825852394104,5,K,G,A,1ubq
-0.3426387906074524,5,K,H,A,1ubq
1.7342396974563599,5,K,I,A,1ubq
-1.2888103723526,5,K,K,A,1ubq
1.354981780052185,5,K,L,A,1ubq
0.7246706485748291,5,K,M,A,1ubq
-1.1355340480804443,5,K,N,A,1ubq
-1.0745986700057983,5,K,P,A,1ubq
-1.0233583450317383,5,K,Q,A,1ubq
-0.6428720355033875,5,K,R,A,1ubq
-0.6032764315605164,5,K,S,A,1ubq
-0.15968866646289825,5,K,T,A,1ubq
1.6134061813354492,5,K,V,A,1ubq
0.3781925439834595,5,K,W,A,1ubq
-0.2171114981174469,5,K,Y,A,1ubq
0.17828181385993958,6,T,A,A,1ubq
1.5060127973556519,6,T,C,A,1ubq
-0.7083510756492615,6,T,D,A,1ubq
-0.6124645471572876,6,T,E,A,1ubq
0.6486092209815979,6,T,F,A,1ubq
-0.4167523682117462,6,T,G,A,1ubq
-0.09759186208248138,6,T,H,A,1ubq
1.7043840885162354,6,T,I,A,1ubq
-1.2135852575302124,6,T,K,A,1ubq
1.2404119968414307,6,T,L,A,1ubq
0.5123424530029297,6,T,M,A,1ubq
-0.9060376286506653,6,T,N,A,1ubq
-0.9912620782852173,6,T,P,A,1ubq
-0.8494405746459961,6,T,Q,A,1ubq
-0.2741391360759735,6,T,R,A,1ubq
-0.47313329577445984,6,T,S,A,1ubq
0.07367633283138275,6,T,T,A,1ubq
1.5621544122695923,6,T,V,A,1ubq
-0.4199046790599823,6,T,W,A,1ubq
-1.0199779272079468,6,T,Y,A,1ubq
-0.7819344997406006,7,L,A,A,1ubq
0.6641809344291687,7,L,C,A,1ubq
0.6368522047996521,7,L,D,A,1ubq
0.4383673071861267,7,L,E,A,1ubq
-0.3427731394767761,7,L,F,A,1ubq
-0.3111252784729004,7,L,G,A,1ubq
0.2717764675617218,7,L,H,A,1ubq
1.1881976127624512,7,L,I,A,1ubq
-0.3340604901313782,7,L,K,A,1ubq
0.5475490689277649,7,L,L,A,1ubq
-0.8135132789611816,7,L,M,A,1ubq
-0.0818718746304512,7,L,N,A,1ubq
-0.3376176655292511,7,L,P,A,1ubq
-0.33285799622535706,7,L,Q,A,1ubq
0.08796834945678711,7,L,R,A,1ubq
-0.13999146223068237,7,L,S,A,1ubq
0.2963222861289978,7,L,T,A,1ubq
0.9275336265563965,7,L,V,A,1ubq
-1.83810555934906,7,L,W,A,1ubq
-2.292741298675537,7,L,Y,A,1ubq
-0.4630286395549774,8,T,A,A,1ubq
1.2835463285446167,8,T,C,A,1ubq
0.09054417163133621,8,T,D,A,1ubq
-0.19202880561351776,8,T,E,A,1ubq
0.15639010071754456,8,T,F,A,1ubq
-0.22362253069877625,8,T,G,A,1ubq
0.20641757547855377,8,T,H,A,1ubq
1.2074697017669678,8,T,I,A,1ubq
-0.7205815315246582,8,T,K,A,1ubq
0.77735435962677,8,T,L,A,1ubq
-0.4516623914241791,8,T,M,A,1ubq
-0.13804814219474792,8,T,N,A,1ubq
-0.8444175124168396,8,T,P,A,1ubq
-0.5230310559272766,8,T,Q,A,1ubq
0.1294063776731491,8,T,R,A,1ubq
-0.07075845450162888,8,T,S,A,1ubq
0.26536640524864197,8,T,T,A,1ubq
1.0891363620758057,8,T,V,A,1ubq
-1.316851258277893,8,T,W,A,1ubq
-1.724295973777771,8,T,Y,A,1ubq
-0.8236271142959595,9,G,A,A,1ubq
0.7022030353546143,9,G,C,A,1ubq
0.8174898624420166,9,G,D,A,1ubq
0.3844958543777466,9,G,E,A,1ubq
-0.5049383044242859,9,G,F,A,1ubq
-0.30451178550720215,9,G,G,A,1ubq
0.29587322473526,9,G,H,A,1ubq
1.0551801919937134,9,G,I,A,1ubq
-0.12929992377758026,9,G,K,A,1ubq
0.42958229780197144,9,G,L,A,1ubq
-1.0252084732055664,9,G,M,A,1ubq
0.1480512022972107,9,G,N,A,1ubq
-0.4845797121524811,9,G,P,A,1ubq
-0.2566736936569214,9,G,Q,A,1ubq
0.3063940405845642,9,G,R,A,1ubq
0.03186846524477005,9,G,S,A,1ubq
0.396863728761673,9,G,T,A,1ubq
0.8193331956863403,9,G,V,A,1ubq
-2.0176830291748047,9,G,W,A,1ubq
-2.302196502685547,9,G,Y,A,1ubq
0.29622477293014526,10,K,A,A,1ubq
1.5940648317337036,10,K,C,A,1ubq
-1.2515149116516113,10,K,D,A,1ubq
-1.2876538038253784,10,K,E,A,1ubq
0.7845862507820129,10,K,F,A,1ubq
-0.5846093893051147,10,K,G,A,1ubq
-0.11420173943042755,10,K,H,A,1ubq
1.5446707010269165,10,K,I,A,1ubq
-1.1152591705322266,10,K,K,A,1ubq
1.178597092628479,10,K,L,A,1ubq
0.40234896540641785,10,K,M,A,1ubq
-0.9202027916908264,10,K,N,A,1ubq
-1.2741080522537231,10,K,P,A,1ubq
-0.9503523707389832,10,K,Q,A,1ubq
-0.13254354894161224,10,K,R,A,1ubq
-0.263876736164093,10,K,S,A,1ubq
-0.021398257464170456,10,K,T,A,1ubq
1.4892756938934326,10,K,V,A,1ubq
-0.0574062280356884,10,K,W,A,1ubq
-0.7086937427520752,10,K,Y,A,1ubq
0.32525306940078735,11,T,A,A,1ubq
1.4543448686599731,11,T,C,A,1ubq
-0.828604519367218,11,T,D,A,1ubq
-0.7751289010047913,11,T,E,A,1ubq
0.7126203179359436,11,T,F,A,1ubq
-0.5367411971092224,11,T,G,A,1ubq
-0.11598209291696548,11,T,H,A,1ubq
1.6741403341293335,11,T,I,A,1ubq
-1.3234902620315552,11,T,K,A,1ubq
1.2055639028549194,11,T,L,A,1ubq
0.6174453496932983,11,T,M,A,1ubq
-1.0798614025115967,11,T,N,A,1ubq
-1.1259725093841553,11,T,P,A,1ubq
-0.9106782674789429,11,T,Q,A,1ubq
-0.46960151195526123,11,T,R,A,1ubq
-0.4809856116771698,11,T,S,A,1ubq
-0.006924677174538374,11,T,T,A,1ubq
1.5192402601242065,11,T,V,A,1ubq
-0.22133149206638336,11,T,W,A,1ubq
-0.8000161647796631,11,T,Y,A,1ubq
0.29959940910339355,12,I,A,A,1ubq
1.489425778388977,12,I,C,A,1ubq
-0.8182892203330994,12,I,D,A,1ubq
-0.7782483696937561,12,I,E,A,1ubq
0.66813725233078,12,I,F,A,1ubq
-0.5357289910316467,12,I,G,A,1ubq
-0.07260725647211075,12,I,H,A,1ubq
1.8450087308883667,12,I,I,A,1ubq
-1.1297833919525146,12,I,K,A,1ubq
1.2922130823135376,12,I,L,A,1ubq
0.6238237619400024,12,I,M,A,1ubq
-1.1502152681350708,12,I,N,A,1ubq
-1.166272521018982,12,I,P,A,1ubq
-0.9774888157844543,12,I,Q,A,1ubq
-0.16549751162528992,12,I,R,A,1ubq
-0.5793441534042358,12,I,S,A,1ubq
0.11053680628538132,12,I,T,A,1ubq
1.5850545167922974,12,I,V,A,1ubq
-0.5855845212936401,12,I,W,A,1ubq
-1.1598819494247437,12,I,Y,A,1ubq
0.0354403480887413,13,T,A,A,1ubq
1.4696887731552124,13,T,C,A,1ubq
-0.9545036554336548,13,T,D,A,1ubq
-0.9330941438674927,13,T,E,A,1ubq
0.6391521692276001,13,T,F,A,1ubq
-0.49512162804603577,13,T,G,A,1ubq
0.03971599414944649,13,T,H,A,1ubq
1.7724086046218872,13,T,I,A,1ubq
-0.7758464217185974,13,T,K,A,1ubq
1.1878288984298706,13,T,L,A,1ubq
0.3779435455799103,13,T,M,A,1ubq
-0.9741243124008179,13,T,N,A,1ubq
-0.9484239816665649,13,T,P,A,1ubq
-0.8958216309547424,13,T,Q,A,1ubq
0.15281806886196136,13,T,R,A,1ubq
-0.43637460470199585,13,T,S,A,1ubq
0.08323995769023895,13,T,T,A,1ubq
1.5006458759307861,13,T,V,A,1ubq
-0.6924194097518921,13,T,W,A,1ubq
-1.383836030960083,13,T,Y,A,1ubq
0.52836674451828,14,L,A,A,1ubq
1.5379103422164917,14,L,C,A,1ubq
-0.9745984673500061,14,L,D,A,1ubq
-0.8833428025245667,14,L,E,A,1ubq
1.1200451850891113,14,L,F,A,1ubq
-0.3412492573261261,14,L,G,A,1ubq
-0.14102986454963684,14,L,H,A,1ubq
1.7164899110794067,14,L,I,A,1ubq
-1.247642159461975,14,L,K,A,1ubq
1.3689576387405396,14,L,L,A,1ubq
0.7370687127113342,14,L,M,A,1ubq
-0.8826268315315247,14,L,N,A,1ubq
-0.8814675211906433,14,L,P,A,1ubq
-0.8479373455047607,14,L,Q,A,1ubq
-0.43202313780784607,14,L,R,A,1ubq
-0.5178617835044861,14,L,S,A,1ubq
-0.16933409869670868,14,L,T,A,1ubq
1.5095837116241455,14,L,V,A,1ubq
0.18206904828548431,14,L,W,A,1ubq
-0.2842363715171814,14,L,Y,A,1ubq
-0.6787538528442383,15,E,A,A,1ubq
0.9151017069816589,15,E,C,A,1ubq
1.0847188234329224,15,E,D,A,1ubq
0.6435366272926331,15,E,E,A,1ubq
-0.530834972858429,15,E,F,A,1ubq
-0.24711579084396362,15,E,G,A,1ubq
0.26457303762435913,15,E,H,A,1ubq
1.0032631158828735,15,E,I,A,1ubq
-0.6701897382736206,15,E,K,A,1ubq
0.39257997274398804,15,E,L,A,1ubq
-0.7470831274986267,15,E,M,A,1ubq
0.10350039601325989,15,E,N,A,1ubq
-0.8661271929740906,15,E,P,A,1ubq
-0.2551710605621338,15,E,Q,A,1ubq
-0.038918863981962204,15,E,R,A,1ubq
-0.030141910538077354,15,E,S,A,1ubq
0.4311545491218567,15,E,T,A,1ubq
0.7908421754837036,15,E,V,A,1ubq
-1.9651745557785034,15,E,W,A,1ubq
-2.069819688796997,15,E,Y,A,1ubq
0.6924465298652649,16,V,A,A,1ubq
1.5757561922073364,16,V,C,A,1ubq
-0.9686921238899231,16,V,D,A,1ubq
-0.9857392907142639,16,V,E,A,1ubq
1.1748404502868652,16,V,F,A,1ubq
-0.22618593275547028,16,V,G,A,1ubq
-0.11780744791030884,16,V,H,A,1ubq
1.5312318801879883,16,V,I,A,1ubq
-1.0757155418395996,16,V,K,A,1ubq
1.2980499267578125,16,V,L,A,1ubq
0.9470983743667603,16,V,M,A,1ubq
-0.8394307494163513,16,V,N,A,1ubq
-0.9681988954544067,16,V,P,A,1ubq
-0.7850372791290283,16,V,Q,A,1ubq
-0.330123633146286,16,V,R,A,1ubq
-0.4812982380390167,16,V,S,A,1ubq
-0.11042412370443344,16,V,T,A,1ubq
1.3994868993759155,16,V,V,A,1ubq
0.539438784122467,16,V,W,A,1ubq
0.25486791133880615,16,V,Y,A,1ubq
-0.9290863275527954,17,E,A,A,1ubq
0.7591091990470886,17,E,C,A,1ubq
0.014436428435146809,17,E,D,A,1ubq
-0.41187843680381775,17,E,E,A,1ubq
-0.6393722295761108,17,E,F,A,1ubq
-0.2931695282459259,17,E,G,A,1ubq
0.6811416149139404,17,E,H,A,1ubq
0.47013336420059204,17,E,I,A,1ubq
0.7615318894386292,17,E,K,A,1ubq
-0.017869656905531883,17,E,L,A,1ubq
-1.1757651567459106,17,E,M,A,1ubq
0.5351859927177429,17,E,N,A,1ubq
-0.6644747853279114,17,E,P,A,1ubq
0.02960415929555893,17,E,Q,A,1ubq
1.6052978038787842,17,E,R,A,1ubq
0.5384180545806885,17,E,S,A,1ubq
0.37865325808525085,17,E,T,A,1ubq
0.24752244353294373,17,E,V,A,1ubq
-1.619632601737976,17,E,W,A,1ubq
-2.0262227058410645,17,E,Y,A,1ubq
-0.7468952536582947,18,P,A,A,1ubq
1.4768903255462646,18,P,C,A,1ubq
-0.4189859628677368,18,P,D,A,1ubq
-0.7262045741081238,18,P,E,A,1ubq
0.3087686002254486,18,P,F,A,1ubq
-0.2737220525741577,18,P,G,A,1ubq
0.25672242045402527,18,P,H,A,1ubq
1.51059091091156,18,P,I,A,1ubq
-0.2885170578956604,18,P,K,A,1ubq
0.8194974064826965,18,P,L,A,1ubq
-0.7028617262840271,18,P,M,A,1ubq
-0.05912407860159874,18,P,N,A,1ubq
-0.5632719397544861,18,P,P,A,1ubq
-0.550165057182312,18,P,Q,A,1ubq
0.661395788192749,18,P,R,A,1ubq
-0.0662907287478447,18,P,S,A,1ubq
0.11088196188211441,18,P,T,A,1ubq
1.191973090171814,18,P,V,A,1ubq
-1.7342108488082886,18,P,W,A,1ubq
-2.2380361557006836,18,P,Y,A,1ubq
-0.2860679030418396,19,S,A,A,1ubq
1.4088839292526245,19,S,C,A,1ubq
-0.3103702962398529,19,S,D,A,1ubq
-0.741672933101654,19,S,E,A,1ubq
0.23258094489574432,19,S,F,A,1ubq
-0.28241708874702454,19,S,G,A,1ubq
0.22764049470424652,19,S,H,A,1ubq
1.099041223526001,19,S,I,A,1ubq
-0.43798163533210754,19,S,K,A,1ubq
0.7690057754516602,19,S,L,A,1ubq
-0.5764715075492859,19,S,M,A,1ubq
-0.04960997402667999,19,S,N,A,1ubq
-1.1809027194976807,19,S,P,A,1ubq
-0.5940806269645691,19,S,Q,A,1ubq
0.5966047048568726,19,S,R,A,1ubq
0.1412612348794937,19,S,S,A,1ubq
0.36465582251548767,19,S,T,A,1ubq
1.1001564264297485,19,S,V,A,1ubq
-1.066469669342041,19,S,W,A,1ubq
-1.4648258686065674,19,S,Y,A,1ubq
0.6947872638702393,20,D,A,A,1ubq
1.9353208541870117,20,D,C,A,1ubq
-0.5685365200042725,20,D,D,A,1ubq
-0.6781666874885559,20,D,E,A,1ubq
0.9367750883102417,20,D,F,A,1ubq
-0.4050280451774597,20,D,G,A,1ubq
-0.160659521818161,20,D,H,A,1ubq
1.5421152114868164,20,D,I,A,1ubq
-2.0145058631896973,20,D,K,A,1ubq
1.2089698314666748,20,D,L,A,1ubq
1.2075334787368774,20,D,M,A,1ubq
-1.171528935432434,20,D,N,A,1ubq
-1.6034988164901733,20,D,P,A,1ubq
-0.92831951379776,20,D,Q,A,1ubq
-1.0653111934661865,20,D,R,A,1ubq
-0.42917659878730774,20,D,S,A,1ubq
-0.08642502874135971,20,D,T,A,1ubq
1.4719895124435425,20,D,V,A,1ubq
0.30745965242385864,20,D,W,A,1ubq
0.1246572956442833,20,D,Y,A,1ubq
-0.4001908302307129,21,T,A,A,1ubq
1.5226078033447266,21,T,C,A,1ubq
-0.6624162793159485,21,T,D,A,1ubq
-1.1534582376480103,21,T,E,A,1ubq
0.07854718714952469,21,T,F,A,1ubq
-0.42071130871772766,21,T,G,A,1ubq
0.33165696263313293,21,T,H,A,1ubq
1.200280785560608,21,T,I,A,1ubq
-0.09745962172746658,21,T,K,A,1ubq
0.6367994546890259,21,T,L,A,1ubq
-0.6578694581985474,21,T,M,A,1ubq
-0.13304263353347778,21,T,N,A,1ubq
-1.367118239402771,21,T,P,A,1ubq
-0.6023014187812805,21,T,Q,A,1ubq
1.1900402307510376,21,T,R,A,1ubq
0.1730828434228897,21,T,S,A,1ubq
0.4017813205718994,21,T,T,A,1ubq
1.0814814567565918,21,T,V,A,1ubq
-1.410900592803955,21,T,W,A,1ubq
-1.8552323579788208,21,T,Y,A,1ubq
0.6236799359321594,22,I,A,A,1ubq
1.6906183958053589,22,I,C,A,1ubq
-0.9778863191604614,22,I,D,A,1ubq
-1.0075047016143799,22,I,E,A,1ubq
1.1480613946914673,22,I,F,A,1ubq
-0.28525108098983765,22,I,G,A,1ubq
-0.13263116776943207,22,I,H,A,1ubq
1.5998398065567017,22,I,I,A,1ubq
-1.2423139810562134,22,I,K,A,1ubq
1.3858146667480469,22,I,L,A,1ubq
0.8646958470344543,22,I,M,A,1ubq
-0.8977559208869934,22,I,N,A,1ubq
-1.1621618270874023,22,I,P,A,1ubq
-0.9261506199836731,22,I,Q,A,1ubq
-0.3156834840774536,22,I,R,A,1ubq
-0.5041822791099548,22,I,S,A,1ubq
0.018857724964618683,22,I,T,A,1ubq
1.5282262563705444,22,I,V,A,1ubq
0.2461003214120865,22,I,W,A,1ubq
-0.07512671500444412,22,I,Y,A,1ubq
0.22302183508872986,23,E,A,A,1ubq
1.9463297128677368,23,E,C,A,1ubq
-0.39474645256996155,23,E,D,A,1ubq
-0.8585634231567383,23,E,E,A,1ubq
0.6364911198616028,23,E,F,A,1ubq
-0.37624481320381165,23,E,G,A,1ubq
-0.18136219680309296,23,E,H,A,1ubq
1.4791712760925293,23,E,I,A,1ubq
-1.4458019733428955,23,E,K,A,1ubq
1.1473051309585571,23,E,L,A,1ubq
-0.032978594303131104,23,E,M,A,1ubq
-0.41160786151885986,23,E,N,A,1ubq
-1.9261054992675781,23,E,P,A,1ubq
-0.9802207350730896,23,E,Q,A,1ubq
-0.19096073508262634,23,E,R,A,1ubq
-0.15175527334213257,23,E,S,A,1ubq
0.3262428045272827,23,E,T,A,1ubq
1.5012407302856445,23,E,V,A,1ubq
-0.7938932180404663,23,E,W,A,1ubq
-0.940967321395874,23,E,Y,A,1ubq
-0.5020984411239624,24,N,A,A,1ubq
1.4087809324264526,24,N,C,A,1ubq
-0.16369374096393585,24,N,D,A,1ubq
-0.6350200772285461,24,N,E,A,1ubq
-0.14395906031131744,24,N,F,A,1ubq
-0.5293741822242737,24,N,G,A,1ubq
0.12538494169712067,24,N,H,A,1ubq
1.3506160974502563,24,N,I,A,1ubq
-0.49056312441825867,24,N,K,A,1ubq
0.6591588258743286,24,N,L,A,1ubq
-0.6673449277877808,24,N,M,A,1ubq
-0.25436753034591675,24,N,N,A,1ubq
-1.45882248878479,24,N,P,A,1ubq
-0.7107445597648621,24,N,Q,A,1ubq
0.6052876710891724,24,N,R,A,1ubq
-0.07582005858421326,24,N,S,A,1ubq
0.40448492765426636,24,N,T,A,1ubq
1.1613878011703491,24,N,V,A,1ubq
-1.7806400060653687,24,N,W,A,1ubq
-2.121297597885132,24,N,Y,A,1ubq
0.8251375555992126,25,V,A,A,1ubq
1.31935715675354,25,V,C,A,1ubq
-1.2700831890106201,25,V,D,A,1ubq
-1.226523756980896,25,V,E,A,1ubq
1.12204110622406,25,V,F,A,1ubq
-0.4555220305919647,25,V,G,A,1ubq
-0.34795114398002625,25,V,H,A,1ubq
1.5479623079299927,25,V,I,A,1ubq
-1.0901036262512207,25,V,K,A,1ubq
1.3611383438110352,25,V,L,A,1ubq
0.9869352579116821,25,V,M,A,1ubq
-1.1291660070419312,25,V,N,A,1ubq
-1.0491207838058472,25,V,P,A,1ubq
-0.9820602536201477,25,V,Q,A,1ubq
-0.6332069039344788,25,V,R,A,1ubq
-0.6738049387931824,25,V,S,A,1ubq
-0.17998768389225006,25,V,T,A,1ubq
1.4380990266799927,25,V,V,A,1ubq
0.8507299423217773,25,V,W,A,1ubq
0.49506086111068726,25,V,Y,A,1ubq
0.16768008470535278,26,K,A,A,1ubq
1.4823404550552368,26,K,C,A,1ubq
-1.2045462131500244,26,K,D,A,1ubq
-1.235335111618042,26,K,E,A,1ubq
0.6117469668388367,26,K,F,A,1ubq
-0.5350382924079895,26,K,G,A,1ubq
0.06354071199893951,26,K,H,A,1ubq
1.6924790143966675,26,K,I,A,1ubq
-0.42933395504951477,26,K,K,A,1ubq
1.1513210535049438,26,K,L,A,1ubq
0.4222279191017151,26,K,M,A,1ubq
-0.971794068813324,26,K,N,A,1ubq
-1.1359121799468994,26,K,P,A,1ubq
-0.9001991748809814,26,K,Q,A,1ubq
0.6050465703010559,26,K,R,A,1ubq
-0.33982738852500916,26,K,S,A,1ubq
0.21762269735336304,26,K,T,A,1ubq
1.4663087129592896,26,K,V,A,1ubq
-0.5636023283004761,26,K,W,A,1ubq
-1.2388931512832642,26,K,Y,A,1ubq
0.07122038304805756,27,A,A,A,1ubq
1.2746673822402954,27,A,C,A,1ubq
-1.037701964378357,27,A,D,A,1ubq
-1.3980271816253662,27,A,E,A,1ubq
0.4076220691204071,27,A,F,A,1ubq
-0.5525391101837158,27,A,G,A,1ubq
0.09056214988231659,27,A,H,A,1ubq
1.4290499687194824,27,A,I,A,1ubq
0.02452700212597847,27,A,K,A,1ubq
1.043373942375183,27,A,L,A,1ubq
-0.3715689182281494,27,A,M,A,1ubq
-0.5718677639961243,27,A,N,A,1ubq
-1.4477317333221436,27,A,P,A,1ubq
-0.9445948004722595,27,A,Q,A,1ubq
1.0548920631408691,27,A,R,A,1ubq
-0.05114302784204483,27,A,S,A,1ubq
0.5304558873176575,27,A,T,A,1ubq
1.369403600692749,27,A,V,A,1ubq
-0.8949816226959229,27,A,W,A,1ubq
-1.5063977241516113,27,A,Y,A,1ubq
0.2048240602016449,28,K,A,A,1ubq
1.4618655443191528,28,K,C,A,1ubq
-1.4422239065170288,28,K,D,A,1ubq
-1.4253848791122437,28,K,E,A,1ubq
0.7149466872215271,28,K,F,A,1ubq
-0.6470210552215576,28,K,G,A,1ubq
-0.1477285921573639,28,K,H,A,1ubq
1.930947184562683,28,K,I,A,1ubq
-0.5200060606002808,28,K,K,A,1ubq
1.3102048635482788,28,K,L,A,1ubq
0.4402867257595062,28,K,M,A,1ubq
-1.1503965854644775,28,K,N,A,1ubq
-1.1590667963027954,28,K,P,A,1ubq
-1.0729238986968994,28,K,Q,A,1ubq
0.4043504595756531,28,K,R,A,1ubq
-0.5693745613098145,28,K,S,A,1ubq
0.14173096418380737,28,K,T,A,1ubq
1.6432905197143555,28,K,V,A,1ubq
-0.5507757067680359,28,K,W,A,1ubq
-1.275789499282837,28,K,Y,A,1ubq
0.8598189353942871,29,I,A,A,1ubq
1.3611422777175903,29,I,C,A,1ubq
-1.2886203527450562,29,I,D,A,1ubq
-1.2546966075897217,29,I,E,A,1ubq
1.150528907775879,29,I,F,A,1ubq
-0.46907901763916016,29,I,G,A,1ubq
-0.3439761996269226,29,I,H,A,1ubq
1.658095121383667,29,I,I,A,1ubq
-1.1125683784484863,29,I,K,A,1ubq
1.3790920972824097,29,I,L,A,1ubq
1.012389898300171,29,I,M,A,1ubq
-1.1804702281951904,29,I,N,A,1ubq
-1.1706162691116333,29,I,P,A,1ubq
-1.0096162557601929,29,I,Q,A,1ubq
-0.5647119283676147,29,I,R,A,1ubq
-0.7381956577301025,29,I,S,A,1ubq
-0.11392974853515625,29,I,T,A,1ubq
1.501832127571106,29,I,V,A,1ubq
0.7012719511985779,29,I,W,A,1ubq
0.36561334133148193,29,I,Y,A,1ubq
0.09530491381883621,30,Q,A,A,1ubq
1.6703182458877563,30,Q,C,A,1ubq
-0.7519094347953796,30,Q,D,A,1ubq
-0.8933374881744385,30,Q,E,A,1ubq
0.6016271710395813,30,Q,F,A,1ubq
-0.3925245702266693,30,Q,G,A,1ubq
0.07643809914588928,30,Q,H,A,1ubq
1.4629971981048584,30,Q,I,A,1ubq
-1.0708876848220825,30,Q,K,A,1ubq
1.0630502700805664,30,Q,L,A,1ubq
0.05280821770429611,30,Q,M,A,1ubq
-0.5588618516921997,30,Q,N,A,1ubq
-1.4431235790252686,30,Q,P,A,1ubq
-0.8502770662307739,30,Q,Q,A,1ubq
0.20002351701259613,30,Q,R,A,1ubq
-0.1838175356388092,30,Q,S,A,1ubq
0.18383535742759705,30,Q,T,A,1ubq
1.3489049673080444,30,Q,V,A,1ubq
-0.6994081139564514,30,Q,W,A,1ubq
-1.189635992050171,30,Q,Y,A,1ubq
-0.2953193783760071,31,D,A,A,1ubq
1.253145694732666,31,D,C,A,1ubq
-0.002086689230054617,31,D,D,A,1ubq
-0.3685782849788666,31,D,E,A,1ubq
0.08920490741729736,31,D,F,A,1ubq
-0.3702414333820343,31,D,G,A,1ubq
0.11047530174255371,31,D,H,A,1ubq
1.344780683517456,31,D,I,A,1ubq
-0.5468379855155945,31,D,K,A,1ubq
0.8042405843734741,31,D,L,A,1ubq
-0.39500701427459717,31,D,M,A,1ubq
-0.31005796790122986,31,D,N,A,1ubq
-1.1397590637207031,31,D,P,A,1ubq
-0.6442999243736267,31,D,Q,A,1ubq
0.26715296506881714,31,D,R,A,1ubq
-0.11535962671041489,31,D,S,A,1ubq
0.4088428020477295,31,D,T,A,1ubq
1.1793159246444702,31,D,V,A,1ubq
-1.3941359519958496,31,D,W,A,1ubq
-1.7331480979919434,31,D,Y,A,1ubq
0.4955812394618988,32,K,A,A,1ubq
1.3368737697601318,32,K,C,A,1ubq
-1.4228261709213257,32,K,D,A,1ubq
-1.3511296510696411,32,K,E,A,1ubq
0.901978075504303,32,K,F,A,1ubq
-0.5592404007911682,32,K,G,A,1ubq
-0.24541278183460236,32,K,H,A,1ubq
1.7230108976364136,32,K,I,A,1ubq
-0.7535529732704163,32,K,K,A,1ubq
1.3010129928588867,32,K,L,A,1ubq
0.6494075059890747,32,K,M,A,1ubq
-1.1095221042633057,32,K,N,A,1ubq
-1.1138842105865479,32,K,P,A,1ubq
-1.0046145915985107,32,K,Q,A,1ubq
-0.04444320127367973,32,K,R,A,1ubq
-0.6126543879508972,32,K,S,A,1ubq
-0.0027112020179629326,32,K,T,A,1ubq
1.5517569780349731,32,K,V,A,1ubq
0.1980716735124588,32,K,W,A,1ubq
-0.4120738208293915,32,K,Y,A,1ubq
0.24426136910915375,33,E,A,A,1ubq
1.401930332183838,33,E,C,A,1ubq
-0.6545777916908264,33,E,D,A,1ubq
-0.54239821434021,33,E,E,A,1ubq
0.8923942446708679,33,E,F,A,1ubq
-0.38673409819602966,33,E,G,A,1ubq
-0.02487020380795002,33,E,H,A,1ubq
1.7624591588974,33,E,I,A,1ubq
-1.3508660793304443,33,E,K,A,1ubq
1.3357329368591309,33,E,L,A,1ubq
0.5647897720336914,33,E,M,A,1ubq
-1.0726234912872314,33,E,N,A,1ubq
-0.8422723412513733,33,E,P,A,1ubq
-0.9157118797302246,33,E,Q,A,1ubq
-0.5628162622451782,33,E,R,A,1ubq
-0.5701098442077637,33,E,S,A,1ubq
-0.026875359937548637,33,E,T,A,1ubq
1.528110384941101,33,E,V,A,1ubq
-0.4451007544994354,33,E,W,A,1ubq
-1.058782935142517,33,E,Y,A,1ubq
-1.665921926498413,34,G,A,A,1ubq
-0.10127443820238113,34,G,C,A,1ubq
0.565166711807251,34,G,D,A,1ubq
0.5606262683868408,34,G,E,A,1ubq
-1.4164237976074219,34,G,F,A,1ubq
-0.3437361717224121,34,G,G,A,1ubq
0.7427830100059509,34,G,H,A,1ubq
0.5871449708938599,34,G,I,A,1ubq
1.4316861629486084,34,G,K,A,1ubq
-0.16651411354541779,34,G,L,A,1ubq
-1.4119817018508911,34,G,M,A,1ubq
0.5982373356819153,34,G,N,A,1ubq
0.5943130254745483,34,G,P,A,1ubq
0.3171505033969879,34,G,Q,A,1ubq
1.6137974262237549,34,G,R,A,1ubq
0.18608249723911285,34,G,S,A,1ubq
0.2832305431365967,34,G,T,A,1ubq
0.01048880722373724,34,G,V,A,1ubq
-2.3982605934143066,34,G,W,A,1ubq
-3.044638156890869,34,G,Y,A,1ubq
-0.18416857719421387,35,I,A,A,1ubq
1.4548240900039673,35,I,C,A,1ubq
-0.9022059440612793,35,I,D,A,1ubq
-1.2046705484390259,35,I,E,A,1ubq
0.4531834125518799,35,I,F,A,1ubq
-0.4371308386325836,35,I,G,A,1ubq
0.28216028213500977,35,I,H,A,1ubq
1.4500696659088135,35,I,I,A,1ubq
-0.27162861824035645,35,I,K,A,1ubq
0.9661282896995544,35,I,L,A,1ubq
-0.23653888702392578,35,I,M,A,1ubq
-0.5686431527137756,35,I,N,A,1ubq
-1.1664605140686035,35,I,P,A,1ubq
-0.8325804471969604,35,I,Q,A,1ubq
0.8946222066879272,35,I,R,A,1ubq
-0.16158336400985718,35,I,S,A,1ubq
0.3038851320743561,35,I,T,A,1ubq
1.2539503574371338,35,I,V,A,1ubq
-1.1759812831878662,35,I,W,A,1ubq
-1.7432904243469238,35,I,Y,A,1ubq
-1.2315163612365723,36,P,A,A,1ubq
0.3563562035560608,36,P,C,A,1ubq
-0.013481276109814644,36,P,D,A,1ubq
-0.3165811598300934,36,P,E,A,1ubq
-1.073253870010376,36,P,F,A,1ubq
-0.48755887150764465,36,P,G,A,1ubq
0.5805186033248901,36,P,H,A,1ubq
0.452460378408432,36,P,I,A,1ubq
1.0911669731140137,36,P,K,A,1ubq
-0.09531442821025848,36,P,L,A,1ubq
-1.5162831544876099,36,P,M,A,1ubq
0.5037009716033936,36,P,N,A,1ubq
-0.5955492258071899,36,P,P,A,1ubq
-0.046547915786504745,36,P,Q,A,1ubq
1.8214490413665771,36,P,R,A,1ubq
0.3739113509654999,36,P,S,A,1ubq
0.5078027844429016,36,P,T,A,1ubq
0.22438126802444458,36,P,V,A,1ubq
-1.99819815158844,36,P,W,A,1ubq
-2.5921144485473633,36,P,Y,A,1ubq
-0.11143284291028976,37,P,A,A,1ubq
1.765933632850647,37,P,C,A,1ubq
-1.4366364479064941,37,P,D,A,1ubq
-1.6370998620986938,37,P,E,A,1ubq
0.7473964691162109,37,P,F,A,1ubq
-0.5966723561286926,37,P,G,A,1ubq
0.10506222397089005,37,P,H,A,1ubq
1.7244218587875366,37,P,I,A,1ubq
-0.6677265167236328,37,P,K,A,1ubq
1.1682153940200806,37,P,L,A,1ubq
0.025636322796344757,37,P,M,A,1ubq
-0.9125155210494995,37,P,N,A,1ubq
-1.3264439105987549,37,P,P,A,1ubq
-1.0948255062103271,37,P,Q,A,1ubq
0.5805298089981079,37,P,R,A,1ubq
-0.304948091506958,37,P,S,A,1ubq
0.056922465562820435,37,P,T,A,1ubq
1.5033411979675293,37,P,V,A,1ubq
-0.9041135907173157,37,P,W,A,1ubq
-1.6405891180038452,37,P,Y,A,1ubq
-0.5127862691879272,38,D,A,A,1ubq
1.517988681793213,38,D,C,A,1ubq
0.36287325620651245,38,D,D,A,1ubq
0.0329362116754055,38,D,E,A,1ubq
0.2687748670578003,38,D,F,A,1ubq
-0.20708627998828888,38,D,G,A,1ubq
0.11977511644363403,38,D,H,A,1ubq
1.3085473775863647,38,D,I,A,1ubq
-1.273107886314392,38,D,K,A,1ubq
0.8350259065628052,38,D,L,A,1ubq
-0.290513277053833,38,D,M,A,1ubq
-0.19681532680988312,38,D,N,A,1ubq
-0.9388872981071472,38,D,P,A,1ubq
-0.6198773980140686,38,D,Q,A,1ubq
-0.46495968103408813,38,D,R,A,1ubq
-0.23069295287132263,38,D,S,A,1ubq
0.08803113549947739,38,D,T,A,1ubq
1.1240681409835815,38,D,V,A,1ubq
-1.4103163480758667,38,D,W,A,1ubq
-1.620356559753418,38,D,Y,A,1ubq
0.3347871005535126,39,Q,A,A,1ubq
1.9242781400680542,39,Q,C,A,1ubq
-1.0569696426391602,39,Q,D,A,1ubq
-1.030125379562378,39,Q,E,A,1ubq
1.193948745727539,39,Q,F,A,1ubq
-0.2660363018512726,39,Q,G,A,1ubq
-0.0036498024128377438,39,Q,H,A,1ubq
1.597242832183838,39,Q,I,A,1ubq
-1.5092034339904785,39,Q,K,A,1ubq
1.2532912492752075,39,Q,L,A,1ubq
0.765102207660675,39,Q,M,A,1ubq
-0.8198519945144653,39,Q,N,A,1ubq
-1.0512027740478516,39,Q,P,A,1ubq
-0.8494356870651245,39,Q,Q,A,1ubq
-0.455512136220932,39,Q,R,A,1ubq
-0.3950991928577423,39,Q,S,A,1ubq
-0.2705937325954437,39,Q,T,A,1ubq
1.4185069799423218,39,Q,V,A,1ubq
0.11800180375576019,39,Q,W,A,1ubq
-0.29639992117881775,39,Q,Y,A,1ubq
0.5153217911720276,40,Q,A,A,1ubq
1.6448451280593872,40,Q,C,A,1ubq
-1.2338868379592896,40,Q,D,A,1ubq
-1.0097681283950806,40,Q,E,A,1ubq
1.3807822465896606,40,Q,F,A,1ubq
-0.3269181549549103,40,Q,G,A,1ubq
-0.2675313651561737,40,Q,H,A,1ubq
1.8862764835357666,40,Q,I,A,1ubq
-1.5296810865402222,40,Q,K,A,1ubq
1.489058256149292,40,Q,L,A,1ubq
1.0322649478912354,40,Q,M,A,1ubq
-1.120239496231079,40,Q,N,A,1ubq
-0.7556231021881104,40,Q,P,A,1ubq
-0.9356043934822083,40,Q,Q,A,1ubq
-0.8526559472084045,40,Q,R,A,1ubq
-0.7812590003013611,40,Q,S,A,1ubq
-0.39210349321365356,40,Q,T,A,1ubq
1.5788297653198242,40,Q,V,A,1ubq
0.3530672788619995,40,Q,W,A,1ubq
-0.15164007246494293,40,Q,Y,A,1ubq
0.46748706698417664,41,R,A,A,1ubq
1.6778873205184937,41,R,C,A,1ubq
-0.6372660398483276,41,R,D,A,1ubq
-0.7180992960929871,41,R,E,A,1ubq
0.9655759334564209,41,R,F,A,1ubq
-0.35371506214141846,41,R,G,A,1ubq
-0.044126734137535095,41,R,H,A,1ubq
1.5722683668136597,41,R,I,A,1ubq
-1.4330806732177734,41,R,K,A,1ubq
1.2407294511795044,41,R,L,A,1ubq
0.7233476042747498,41,R,M,A,1ubq
-0.9004709124565125,41,R,N,A,1ubq
-1.185052752494812,41,R,P,A,1ubq
-0.8779028058052063,41,R,Q,A,1ubq
-0.5100688338279724,41,R,R,A,1ubq
-0.39051172137260437,41,R,S,A,1ubq
-0.020754478871822357,41,R,T,A,1ubq
1.4637030363082886,41,R,V,A,1ubq
-0.06657285243272781,41,R,W,A,1ubq
-0.38606709241867065,41,R,Y,A,1ubq
0.697590708732605,42,L,A,A,1ubq
1.4381790161132812,42,L,C,A,1ubq
-1.0874335765838623,42,L,D,A,1ubq
-0.9746338129043579,42,L,E,A,1ubq
1.1911906003952026,42,L,F,A,1ubq
-0.36217597126960754,42,L,G,A,1ubq
-0.21459583938121796,42,L,H,A,1ubq
1.5894757509231567,42,L,I,A,1ubq
-1.2651293277740479,42,L,K,A,1ubq
1.3621189594268799,42,L,L,A,1ubq
0.8259274363517761,42,L,M,A,1ubq
-0.9532764554023743,42,L,N,A,1ubq
-1.0051026344299316,42,L,P,A,1ubq
-0.912383496761322,42,L,Q,A,1ubq
-0.5372728109359741,42,L,R,A,1ubq
-0.5825510025024414,42,L,S,A,1ubq
-0.19491596519947052,42,L,T,A,1ubq
1.462130069732666,42,L,V,A,1ubq
0.5700121521949768,42,L,W,A,1ubq
0.1404147744178772,42,L,Y,A,1ubq
0.1426582932472229,43,I,A,A,1ubq
1.5288652181625366,43,I,C,A,1ubq
-0.20494745671749115,43,I,D,A,1ubq
-0.4122868478298187,43,I,E,A,1ubq
0.705173909664154,43,I,F,A,1ubq
-0.27801817655563354,43,I,G,A,1ubq
0.05079049989581108,43,I,H,A,1ubq
1.4916402101516724,43,I,I,A,1ubq
-1.3642851114273071,43,I,K,A,1ubq
1.1421540975570679,43,I,L,A,1ubq
0.03577883914113045,43,I,M,A,1ubq
-0.5571019649505615,43,I,N,A,1ubq
-1.319509744644165,43,I,P,A,1ubq
-0.8635129928588867,43,I,Q,A,1ubq
-0.28472355008125305,43,I,R,A,1ubq
-0.3574315905570984,43,I,S,A,1ubq
0.20888465642929077,43,I,T,A,1ubq
1.3646067380905151,43,I,V,A,1ubq
-0.8979551196098328,43,I,W,A,1ubq
-1.193379521369934,43,I,Y,A,1ubq
0.4980368912220001,44,F,A,A,1ubq
1.495134711265564,44,F,C,A,1ubq
-1.1504523754119873,44,F,D,A,1ubq
-0.9636098146438599,44,F,E,A,1ubq
1.1321977376937866,44,F,F,A,1ubq
-0.3233852982521057,44,F,G,A,1ubq
-0.1362256556749344,44,F,H,A,1ubq
1.6721466779708862,44,F,I,A,1ubq
-1.2193104028701782,44,F,K,A,1ubq
1.3661092519760132,44,F,L,A,1ubq
0.7744227051734924,44,F,M,A,1ubq
-0.9389222860336304,44,F,N,A,1ubq
-0.8693045973777771,44,F,P,A,1ubq
-0.8780769109725952,44,F,Q,A,1ubq
-0.4047023057937622,44,F,R,A,1ubq
-0.5882410407066345,44,F,S,A,1ubq
-0.17446167767047882,44,F,T,A,1ubq
1.496062994003296,44,F,V,A,1ubq
0.3323780596256256,44,F,W,A,1ubq
-0.22718636691570282,44,F,Y,A,1ubq
-0.7968069314956665,45,A,A,A,1ubq
1.0717439651489258,45,A,C,A,1ubq
0.36066964268684387,45,A,D,A,1ubq
0.015736160799860954,45,A,E,A,1ubq
-0.09553980082273483,45,A,F,A,1ubq
-0.21790540218353271,45,A,G,A,1ubq
0.3345199227333069,45,A,H,A,1ubq
1.2329388856887817,45,A,I,A,1ubq
-0.3594018518924713,45,A,K,A,1ubq
0.5983852744102478,45,A,L,A,1ubq
-1.0077464580535889,45,A,M,A,1ubq
0.20756247639656067,45,A,N,A,1ubq
-0.5167231559753418,45,A,P,A,1ubq
-0.335544228553772,45,A,Q,A,1ubq
0.47322073578834534,45,A,R,A,1ubq
-0.015083489939570427,45,A,S,A,1ubq
0.23353509604930878,45,A,T,A,1ubq
0.9420492649078369,45,A,V,A,1ubq
-2.0014781951904297,45,A,W,A,1ubq
-2.3408780097961426,45,A,Y,A,1ubq
-0.3718188405036926,46,G,A,A,1ubq
1.455479383468628,46,G,C,A,1ubq
-0.01651926524937153,46,G,D,A,1ubq
-0.27655288577079773,46,G,E,A,1ubq
0.4678982198238373,46,G,F,A,1ubq
-0.29303890466690063,46,G,G,A,1ubq
0.024816259741783142,46,G,H,A,1ubq
1.4621305465698242,46,G,I,A,1ubq
-1.2021631002426147,46,G,K,A,1ubq
1.0434331893920898,46,G,L,A,1ubq
-0.3612213134765625,46,G,M,A,1ubq
-0.3375711441040039,46,G,N,A,1ubq
-0.9854034781455994,46,G,P,A,1ubq
-0.7923884391784668,46,G,Q,A,1ubq
-0.3627015948295593,46,G,R,A,1ubq
-0.2733631134033203,46,G,S,A,1ubq
0.11430367827415466,46,G,T,A,1ubq
1.2867428064346313,46,G,V,A,1ubq
-1.3113672733306885,46,G,W,A,1ubq
-1.7362290620803833,46,G,Y,A,1ubq
0.36313095688819885,47,K,A,A,1ubq
1.5340819358825684,47,K,C,A,1ubq
-1.1660053730010986,47,K,D,A,1ubq
-1.14871346950531,47,K,E,A,1ubq
0.8750676512718201,47,K,F,A,1ubq
-0.5234324932098389,47,K,G,A,1ubq
-0.13250188529491425,47,K,H,A,1ubq
1.618910551071167,47,K,I,A,1ubq
-1.1319456100463867,47,K,K,A,1ubq
1.2462940216064453,47,K,L,A,1ubq
0.4905160963535309,47,K,M,A,1ubq
-0.9173557758331299,47,K,N,A,1ubq
-1.1061345338821411,47,K,P,A,1ubq
-0.9176693558692932,47,K,Q,A,1ubq
-0.24059058725833893,47,K,R,A,1ubq
-0.35136333107948303,47,K,S,A,1ubq
-0.05457601696252823,47,K,T,A,1ubq
1.5174330472946167,47,K,V,A,1ubq
0.0008996415417641401,47,K,W,A,1ubq
-0.6083691716194153,47,K,Y,A,1ubq
-0.08769440650939941,48,Q,A,A,1ubq
1.4381632804870605,48,Q,C,A,1ubq
0.3965613543987274,48,Q,D,A,1ubq
0.15641416609287262,48,Q,E,A,1ubq
0.33312347531318665,48,Q,F,A,1ubq
-0.20302516222000122,48,Q,G,A,1ubq
0.07028976827859879,48,Q,H,A,1ubq
1.3472412824630737,48,Q,I,A,1ubq
-1.3878945112228394,48,Q,K,A,1ubq
0.9515541791915894,48,Q,L,A,1ubq
0.053643833845853806,48,Q,M,A,1ubq
-0.4165547788143158,48,Q,N,A,1ubq
-1.25503408908844,48,Q,P,A,1ubq
-0.6930363774299622,48,Q,Q,A,1ubq
-0.4660308063030243,48,Q,R,A,1ubq
-0.3474694490432739,48,Q,S,A,1ubq
0.27791041135787964,48,Q,T,A,1ubq
1.191723346710205,48,Q,V,A,1ubq
-1.1489557027816772,48,Q,W,A,1ubq
-1.3298044204711914,48,Q,Y,A,1ubq
0.09052781015634537,49,L,A,A,1ubq
1.5633255243301392,49,L,C,A,1ubq
-1.024898886680603,49,L,D,A,1ubq
-0.9364714622497559,49,L,E,A,1ubq
0.8459544777870178,49,L,F,A,1ubq
-0.41188374161720276,49,L,G,A,1ubq
0.09947605431079865,49,L,H,A,1ubq
1.769782304763794,49,L,I,A,1ubq
-0.9360461831092834,49,L,K,A,1ubq
1.266223669052124,49,L,L,A,1ubq
0.42555126547813416,49,L,M,A,1ubq
-0.9078324437141418,49,L,N,A,1ubq
-0.7846274375915527,49,L,P,A,1ubq
-0.8630462884902954,49,L,Q,A,1ubq
0.10918275266885757,49,L,R,A,1ubq
-0.4332927167415619,49,L,S,A,1ubq
-0.07718410342931747,49,L,T,A,1ubq
1.5047498941421509,49,L,V,A,1ubq
-0.5240111351013184,49,L,W,A,1ubq
-1.2270323038101196,49,L,Y,A,1ubq
-0.46569088101387024,50,E,A,A,1ubq
1.1930673122406006,50,E,C,A,1ubq
1.150364637374878,50,E,D,A,1ubq
0.5653833150863647,50,E,E,A,1ubq
-0.24881860613822937,50,E,F,A,1ubq
-0.18197038769721985,50,E,G,A,1ubq
0.25383108854293823,50,E,H,A,1ubq
0.9905500411987305,50,E,I,A,1ubq
-0.9999507665634155,50,E,K,A,1ubq
0.44149699807167053,50,E,L,A,1ubq
-0.6643239855766296,50,E,M,A,1ubq
0.12838025391101837,50,E,N,A,1ubq
-1.2019546031951904,50,E,P,A,1ubq
-0.3439796268939972,50,E,Q,A,1ubq
-0.20937274396419525,50,E,R,A,1ubq
0.004844028037041426,50,E,S,A,1ubq
0.3894687294960022,50,E,T,A,1ubq
0.8362270593643188,50,E,V,A,1ubq
-1.8064374923706055,50,E,W,A,1ubq
-1.7038613557815552,50,E,Y,A,1ubq
-0.43021777272224426,51,D,A,A,1ubq
1.4575703144073486,51,D,C,A,1ubq
-0.22748956084251404,51,D,D,A,1ubq
-0.5079222321510315,51,D,E,A,1ubq
0.3181767165660858,51,D,F,A,1ubq
-0.2975204288959503,51,D,G,A,1ubq
0.13103727996349335,51,D,H,A,1ubq
1.4715849161148071,51,D,I,A,1ubq
-0.722283661365509,51,D,K,A,1ubq
0.9371423125267029,51,D,L,A,1ubq
-0.3009014129638672,51,D,M,A,1ubq
-0.3367052376270294,51,D,N,A,1ubq
-0.9163597226142883,51,D,P,A,1ubq
-0.6827160716056824,51,D,Q,A,1ubq
0.19323235750198364,51,D,R,A,1ubq
-0.21652565896511078,51,D,S,A,1ubq
0.2350381314754486,51,D,T,A,1ubq
1.2615519762039185,51,D,V,A,1ubq
-1.4030998945236206,51,D,W,A,1ubq
-1.8475161790847778,51,D,Y,A,1ubq
-0.8338033556938171,52,G,A,A,1ubq
0.8579921722412109,52,G,C,A,1ubq
0.11048734188079834,52,G,D,A,1ubq
-0.31481945514678955,52,G,E,A,1ubq
-0.4305053651332855,52,G,F,A,1ubq
-0.32196417450904846,52,G,G,A,1ubq
0.4110158085823059,52,G,H,A,1ubq
0.9423507452011108,52,G,I,A,1ubq
0.39617612957954407,52,G,K,A,1ubq
0.4213204085826874,52,G,L,A,1ubq
-0.9615994095802307,52,G,M,A,1ubq
0.18732096254825592,52,G,N,A,1ubq
-0.46125084161758423,52,G,P,A,1ubq
-0.23890641331672668,52,G,Q,A,1ubq
1.0276306867599487,52,G,R,A,1ubq
0.22304196655750275,52,G,S,A,1ubq
0.39349088072776794,52,G,T,A,1ubq
0.798804521560669,52,G,V,A,1ubq
-1.6390347480773926,52,G,W,A,1ubq
-2.122394323348999,52,G,Y,A,1ubq
-0.18673169612884521,53,R,A,A,1ubq
1.6639907360076904,53,R,C,A,1ubq
-1.0711332559585571,53,R,D,A,1ubq
-1.1265957355499268,53,R,E,A,1ubq
0.7474356889724731,53,R,F,A,1ubq
-0.4681360423564911,53,R,G,A,1ubq
0.15261366963386536,53,R,H,A,1ubq
1.7050105333328247,53,R,I,A,1ubq
-0.8973053693771362,53,R,K,A,1ubq
1.1148216724395752,53,R,L,A,1ubq
0.0810275450348854,53,R,M,A,1ubq
-0.8081497550010681,53,R,N,A,1ubq
-1.0089746713638306,53,R,P,A,1ubq
-0.9144770503044128,53,R,Q,A,1ubq
0.25204333662986755,53,R,R,A,1ubq
-0.3451125919818878,53,R,S,A,1ubq
-0.05550643429160118,53,R,T,A,1ubq
1.4122276306152344,53,R,V,A,1ubq
-0.9347936511039734,53,R,W,A,1ubq
-1.6467046737670898,53,R,Y,A,1ubq
-0.23413436114788055,54,T,A,A,1ubq
1.9953224658966064,54,T,C,A,1ubq
-1.1501328945159912,54,T,D,A,1ubq
-1.5351451635360718,54,T,E,A,1ubq
0.7562927007675171,54,T,F,A,1ubq
-0.3855346441268921,54,T,G,A,1ubq
0.27642104029655457,54,T,H,A,1ubq
1.4643003940582275,54,T,I,A,1ubq
-0.744595468044281,54,T,K,A,1ubq
0.9522513747215271,54,T,L,A,1ubq
-0.23928333818912506,54,T,M,A,1ubq
-0.4533759653568268,54,T,N,A,1ubq
-1.4751701354980469,54,T,P,A,1ubq
-0.8829616904258728,54,T,Q,A,1ubq
0.7343305349349976,54,T,R,A,1ubq
-0.025018803775310516,54,T,S,A,1ubq
0.07188670337200165,54,T,T,A,1ubq
1.2785009145736694,54,T,V,A,1ubq
-1.0641231536865234,54,T,W,A,1ubq
-1.5897870063781738,54,T,Y,A,1ubq
0.6083396077156067,55,L,A,A,1ubq
1.5744236707687378,55,L,C,A,1ubq
-1.1433327198028564,55,L,D,A,1ubq
-1.089928150177002,55,L,E,A,1ubq
1.0761910676956177,55,L,F,A,1ubq
-0.45595383644104004,55,L,G,A,1ubq
-0.2203717678785324,55,L,H,A,1ubq
1.6932826042175293,55,L,I,A,1ubq
-1.2934788465499878,55,L,K,A,1ubq
1.3416426181793213,55,L,L,A,1ubq
0.7488724589347839,55,L,M,A,1ubq
-0.9857684373855591,55,L,N,A,1ubq
-1.1854119300842285,55,L,P,A,1ubq
-0.9692785143852234,55,L,Q,A,1ubq
-0.389193058013916,55,L,R,A,1ubq
-0.5767738819122314,55,L,S,A,1ubq
-0.16755612194538116,55,L,T,A,1ubq
1.532356858253479,55,L,V,A,1ubq
0.2967701554298401,55,L,W,A,1ubq
-0.1518424153327942,55,L,Y,A,1ubq
0.11846292018890381,56,S,A,A,1ubq
1.6192442178726196,56,S,C,A,1ubq
-0.6278337836265564,56,S,D,A,1ubq
-0.9042862057685852,56,S,E,A,1ubq
0.5750383138656616,56,S,F,A,1ubq
-0.43879008293151855,56,S,G,A,1ubq
-0.06322291493415833,56,S,H,A,1ubq
1.4496434926986694,56,S,I,A,1ubq
-1.1073665618896484,56,S,K,A,1ubq
1.0869786739349365,56,S,L,A,1ubq
-0.10171139240264893,56,S,M,A,1ubq
-0.5149247646331787,56,S,N,A,1ubq
-1.542063593864441,56,S,P,A,1ubq
-0.910652220249176,56,S,Q,A,1ubq
0.014627696946263313,56,S,R,A,1ubq
-0.17343346774578094,56,S,S,A,1ubq
0.2386064976453781,56,S,T,A,1ubq
1.4178179502487183,56,S,V,A,1ubq
-0.7076674699783325,56,S,W,A,1ubq
-1.1179965734481812,56,S,Y,A,1ubq
-0.46377697587013245,57,D,A,A,1ubq
1.8213375806808472,57,D,C,A,1ubq
-0.6908677816390991,57,D,D,A,1ubq
-0.8694232702255249,57,D,E,A,1ubq
0.5811013579368591,57,D,F,A,1ubq
-0.33485496044158936,57,D,G,A,1ubq
0.16791212558746338,57,D,H,A,1ubq
1.597475290298462,57,D,I,A,1ubq
-0.9834519028663635,57,D,K,A,1ubq
1.0184475183486938,57,D,L,A,1ubq
0.09615379571914673,57,D,M,A,1ubq
-0.6190831661224365,57,D,N,A,1ubq
-0.955107569694519,57,D,P,A,1ubq
-0.8136726021766663,57,D,Q,A,1ubq
0.07665062695741653,57,D,R,A,1ubq
-0.3171204924583435,57,D,S,A,1ubq
-0.0381896086037159,57,D,T,A,1ubq
1.2859554290771484,57,D,V,A,1ubq
-1.1877541542053223,57,D,W,A,1ubq
-1.7272204160690308,57,D,Y,A,1ubq
0.40624409914016724,58,Y,A,A,1ubq
1.6552317142486572,58,Y,C,A,1ubq
-0.9980663061141968,58,Y,D,A,1ubq
-0.8579723238945007,58,Y,E,A,1ubq
1.0256870985031128,58,Y,F,A,1ubq
-0.35672664642333984,58,Y,G,A,1ubq
-0.10398520529270172,58,Y,H,A,1ubq
1.7792606353759766,58,Y,I,A,1ubq
-1.4020733833312988,58,Y,K,A,1ubq
1.39311683177948,58,Y,L,A,1ubq
0.8135178089141846,58,Y,M,A,1ubq
-1.048176884651184,58,Y,N,A,1ubq
-0.9860692620277405,58,Y,P,A,1ubq
-0.9228905439376831,58,Y,Q,A,1ubq
-0.44476377964019775,58,Y,R,A,1ubq
-0.576731264591217,58,Y,S,A,1ubq
-0.09320405125617981,58,Y,T,A,1ubq
1.5912672281265259,58,Y,V,A,1ubq
-0.027504296973347664,58,Y,W,A,1ubq
-0.6026666164398193,58,Y,Y,A,1ubq
-1.1976882219314575,59,N,A,A,1ubq
0.5410815477371216,59,N,C,A,1ubq
0.8367546796798706,59,N,D,A,1ubq
0.46128490567207336,59,N,E,A,1ubq
-0.8974722623825073,59,N,F,A,1ubq
-0.2839827239513397,59,N,G,A,1ubq
0.45825493335723877,59,N,H,A,1ubq
0.82234126329422,59,N,I,A,1ubq
0.35379722714424133,59,N,K,A,1ubq
0.1369306445121765,59,N,L,A,1ubq
-1.382753849029541,59,N,M,A,1ubq
0.5848562121391296,59,N,N,A,1ubq
-0.21061073243618011,59,N,P,A,1ubq
0.03134864568710327,59,N,Q,A,1ubq
0.8610486388206482,59,N,R,A,1ubq
0.20191222429275513,59,N,S,A,1ubq
0.3658128082752228,59,N,T,A,1ubq
0.49840056896209717,59,N,V,A,1ubq
-2.323335647583008,59,N,W,A,1ubq
-2.622799873352051,59,N,Y,A,1ubq
0.3935885727405548,60,I,A,A,1ubq
1.6354660987854004,60,I,C,A,1ubq
-1.18942129611969,60,I,D,A,1ubq
-1.1591861248016357,60,I,E,A,1ubq
1.0897879600524902,60,I,F,A,1ubq
-0.3523726165294647,60,I,G,A,1ubq
-0.046240489929914474,60,I,H,A,1ubq
1.6944496631622314,60,I,I,A,1ubq
-1.0529385805130005,60,I,K,A,1ubq
1.372790813446045,60,I,L,A,1ubq
0.6525570750236511,60,I,M,A,1ubq
-0.9294539093971252,60,I,N,A,1ubq
-1.0117835998535156,60,I,P,A,1ubq
-0.9461708068847656,60,I,Q,A,1ubq
-0.059056296944618225,60,I,R,A,1ubq
-0.5094968676567078,60,I,S,A,1ubq
-0.015645023435354233,60,I,T,A,1ubq
1.5317678451538086,60,I,V,A,1ubq
-0.07964932918548584,60,I,W,A,1ubq
-0.6062964797019958,60,I,Y,A,1ubq
-0.39643365144729614,61,Q,A,A,1ubq
1.4626357555389404,61,Q,C,A,1ubq
-0.11685961484909058,61,Q,D,A,1ubq
-0.4141985774040222,61,Q,E,A,1ubq
0.445981502532959,61,Q,F,A,1ubq
-0.1380302608013153,61,Q,G,A,1ubq
0.18218453228473663,61,Q,H,A,1ubq
1.2888391017913818,61,Q,I,A,1ubq
-0.6280543208122253,61,Q,K,A,1ubq
0.8762437701225281,61,Q,L,A,1ubq
-0.4417162239551544,61,Q,M,A,1ubq
0.024925854057073593,61,Q,N,A,1ubq
-0.7394339442253113,61,Q,P,A,1ubq
-0.5051580667495728,61,Q,Q,A,1ubq
0.23630519211292267,61,Q,R,A,1ubq
0.018863385543227196,61,Q,S,A,1ubq
0.16963981091976166,61,Q,T,A,1ubq
1.1265709400177002,61,Q,V,A,1ubq
-1.1603224277496338,61,Q,W,A,1ubq
-1.523369550704956,61,Q,Y,A,1ubq
-0.021618112921714783,62,K,A,A,1ubq
1.543410301208496,62,K,C,A,1ubq
-1.2056732177734375,62,K,D,A,1ubq
-1.1758655309677124,62,K,E,A,1ubq
0.7445235252380371,62,K,F,A,1ubq
-0.48369506001472473,62,K,G,A,1ubq
0.05537400394678116,62,K,H,A,1ubq
1.6837409734725952,62,K,I,A,1ubq
-0.667070746421814,62,K,K,A,1ubq
1.1648330688476562,62,K,L,A,1ubq
0.28661325573921204,62,K,M,A,1ubq
-0.8160645961761475,62,K,N,A,1ubq
-0.8018835186958313,62,K,P,A,1ubq
-0.8375337719917297,62,K,Q,A,1ubq
0.2707338333129883,62,K,R,A,1ubq
-0.28045541048049927,62,K,S,A,1ubq
-0.023787235841155052,62,K,T,A,1ubq
1.466363787651062,62,K,V,A,1ubq
-0.49918776750564575,62,K,W,A,1ubq
-1.2447946071624756,62,K,Y,A,1ubq
-0.2262144684791565,63,E,A,A,1ubq
1.7701836824417114,63,E,C,A,1ubq
0.0675295740365982,63,E,D,A,1ubq
-0.23162612318992615,63,E,E,A,1ubq
0.5100969672203064,63,E,F,A,1ubq
-0.24557432532310486,63,E,G,A,1ubq
-0.040751539170742035,63,E,H,A,1ubq
1.498999834060669,63,E,I,A,1ubq
-1.675736427307129,63,E,K,A,1ubq
1.0962566137313843,63,E,L,A,1ubq
-0.14281202852725983,63,E,M,A,1ubq
-0.36116403341293335,63,E,N,A,1ubq
-1.4232066869735718,63,E,P,A,1ubq
-0.8598149418830872,63,E,Q,A,1ubq
-0.5326500535011292,63,E,R,A,1ubq
-0.3660396933555603,63,E,S,A,1ubq
0.13793841004371643,63,E,T,A,1ubq
1.3169159889221191,63,E,V,A,1ubq
-1.329892873764038,63,E,W,A,1ubq
-1.5881826877593994,63,E,Y,A,1ubq
0.3076938986778259,64,S,A,A,1ubq
1.4039585590362549,64,S,C,A,1ubq
-0.978670597076416,64,S,D,A,1ubq
-0.8877321481704712,64,S,E,A,1ubq
0.7525817155838013,64,S,F,A,1ubq
-0.49058112502098083,64,S,G,A,1ubq
0.009939736686646938,64,S,H,A,1ubq
1.6800532341003418,64,S,I,A,1ubq
-0.9816427826881409,64,S,K,A,1ubq
1.1794536113739014,64,S,L,A,1ubq
0.5463825464248657,64,S,M,A,1ubq
-1.0085551738739014,64,S,N,A,1ubq
-0.9078569412231445,64,S,P,A,1ubq
-0.8194273114204407,64,S,Q,A,1ubq
-0.11796432733535767,64,S,R,A,1ubq
-0.3731507360935211,64,S,S,A,1ubq
0.0027837874367833138,64,S,T,A,1ubq
1.5156422853469849,64,S,V,A,1ubq
-0.17892037332057953,64,S,W,A,1ubq
-0.8326604962348938,64,S,Y,A,1ubq
0.3098891079425812,65,T,A,A,1ubq
1.5306637287139893,65,T,C,A,1ubq
-0.4508386254310608,65,T,D,A,1ubq
-0.5598275661468506,65,T,E,A,1ubq
0.5990821719169617,65,T,F,A,1ubq
-0.4835193455219269,65,T,G,A,1ubq
-0.06740937381982803,65,T,H,A,1ubq
1.5846335887908936,65,T,I,A,1ubq
-1.4453957080841064,65,T,K,A,1ubq
1.1111109256744385,65,T,L,A,1ubq
0.5533339977264404,65,T,M,A,1ubq
-0.9715712666511536,65,T,N,A,1ubq
-1.372875452041626,65,T,P,A,1ubq
-0.8870660066604614,65,T,Q,A,1ubq
-0.52513587474823,65,T,R,A,1ubq
-0.43737465143203735,65,T,S,A,1ubq
0.0856340229511261,65,T,T,A,1ubq
1.431483268737793,65,T,V,A,1ubq
-0.4434222877025604,65,T,W,A,1ubq
-0.8308019042015076,65,T,Y,A,1ubq
0.452036589384079,66,L,A,A,1ubq
1.4233754873275757,66,L,C,A,1ubq
-1.0879238843917847,66,L,D,A,1ubq
-0.9206392765045166,66,L,E,A,1ubq
1.014443278312683,66,L,F,A,1ubq
-0.42916175723075867,66,L,G,A,1ubq
-0.1293388307094574,66,L,H,A,1ubq
1.7705631256103516,66,L,I,A,1ubq
-1.0880295038223267,66,L,K,A,1ubq
1.3732486963272095,66,L,L,A,1ubq
0.7749208807945251,66,L,M,A,1ubq
-1.0752153396606445,66,L,N,A,1ubq
-0.845266580581665,66,L,P,A,1ubq
-0.9154797196388245,66,L,Q,A,1ubq
-0.31444597244262695,66,L,R,A,1ubq
-0.6162445545196533,66,L,S,A,1ubq
-0.12353666126728058,66,L,T,A,1ubq
1.5277624130249023,66,L,V,A,1ubq
0.03764728829264641,66,L,W,A,1ubq
-0.5449355840682983,66,L,Y,A,1ubq
0.7626498937606812,67,H,A,A,1ubq
1.4967795610427856,67,H,C,A,1ubq
-1.1419296264648438,67,H,D,A,1ubq
-1.013754963874817,67,H,E,A,1ubq
1.1088721752166748,67,H,F,A,1ubq
-0.5654245615005493,67,H,G,A,1ubq
-0.5507675409317017,67,H,H,A,1ubq
1.7230536937713623,67,H,I,A,1ubq
-1.7245311737060547,67,H,K,A,1ubq
1.4410353899002075,67,H,L,A,1ubq
0.9839216470718384,67,H,M,A,1ubq
-1.1991804838180542,67,H,N,A,1ubq
-1.2405580282211304,67,H,P,A,1ubq
-1.0782191753387451,67,H,Q,A,1ubq
-1.1871306896209717,67,H,R,A,1ubq
-0.6943643689155579,67,H,S,A,1ubq
-0.2437964379787445,67,H,T,A,1ubq
1.6645019054412842,67,H,V,A,1ubq
0.7760428786277771,67,H,W,A,1ubq
0.31837260723114014,67,H,Y,A,1ubq
0.6734665632247925,68,L,A,A,1ubq
1.485102891921997,68,L,C,A,1ubq
-1.3681808710098267,68,L,D,A,1ubq
-1.2361053228378296,68,L,E,A,1ubq
1.2846972942352295,68,L,F,A,1ubq
-0.44936689734458923,68,L,G,A,1ubq
-0.2554773986339569,68,L,H,A,1ubq
1.6304417848587036,68,L,I,A,1ubq
-1.3635070323944092,68,L,K,A,1ubq
1.3337063789367676,68,L,L,A,1ubq
0.9208102822303772,68,L,M,A,1ubq
-1.1054353713989258,68,L,N,A,1ubq
-1.00972580909729,68,L,P,A,1ubq
-0.9816352128982544,68,L,Q,A,1ubq
-0.7104172110557556,68,L,R,A,1ubq
-0.693010687828064,68,L,S,A,1ubq
-0.4336118996143341,68,L,T,A,1ubq
1.3907136917114258,68,L,V,A,1ubq
0.7164168953895569,68,L,W,A,1ubq
0.26578956842422485,68,L,Y,A,1ubq
0.4040297269821167,69,V,A,A,1ubq
1.343618392944336,69,V,C,A,1ubq
-0.6052900552749634,69,V,D,A,1ubq
-0.5572698712348938,69,V,E,A,1ubq
0.7657396793365479,69,V,F,A,1ubq
-0.48910680413246155,69,V,G,A,1ubq
-0.20320725440979004,69,V,H,A,1ubq
1.6501963138580322,69,V,I,A,1ubq
-1.4709042310714722,69,V,K,A,1ubq
1.3009666204452515,69,V,L,A,1ubq
0.4884483218193054,69,V,M,A,1ubq
-1.0250000953674316,69,V,N,A,1ubq
-1.168596863746643,69,V,P,A,1ubq
-0.9789677858352661,69,V,Q,A,1ubq
-0.690248429775238,69,V,R,A,1ubq
-0.5339646935462952,69,V,S,A,1ubq
0.07308878004550934,69,V,T,A,1ubq
1.5648881196975708,69,V,V,A,1ubq
-0.23350076377391815,69,V,W,A,1ubq
-0.7546717524528503,69,V,Y,A,1ubq
0.14758512377738953,70,L,A,A,1ubq
1.4810454845428467,70,L,C,A,1ubq
-1.0457996129989624,70,L,D,A,1ubq
-0.878383219242096,70,L,E,A,1ubq
0.9116184115409851,70,L,F,A,1ubq
-0.43114474415779114,70,L,G,A,1ubq
-0.04762160778045654,70,L,H,A,1ubq
1.8268780708312988,70,L,I,A,1ubq
-1.1102111339569092,70,L,K,A,1ubq
1.3356773853302002,70,L,L,A,1ubq
0.44036197662353516,70,L,M,A,1ubq
-0.9391019344329834,70,L,N,A,1ubq
-0.713947594165802,70,L,P,A,1ubq
-0.8774556517601013,70,L,Q,A,1ubq
-0.21822285652160645,70,L,R,A,1ubq
-0.492173969745636,70,L,S,A,1ubq
-0.09634274244308472,70,L,T,A,1ubq
1.5730650424957275,70,L,V,A,1ubq
-0.4211272597312927,70,L,W,A,1ubq
-1.1434001922607422,70,L,Y,A,1ubq
0.22225572168827057,71,R,A,A,1ubq
1.4154912233352661,71,R,C,A,1ubq
-0.135040745139122,71,R,D,A,1ubq
-0.15410177409648895,71,R,E,A,1ubq
0.5462813377380371,71,R,F,A,1ubq
-0.3467629849910736,71,R,G,A,1ubq
-0.037495169788599014,71,R,H,A,1ubq
1.491226315498352,71,R,I,A,1ubq
-1.437282681465149,71,R,K,A,1ubq
1.0855590105056763,71,R,L,A,1ubq
0.592461109161377,71,R,M,A,1ubq
-0.8322125673294067,71,R,N,A,1ubq
-1.067435383796692,71,R,P,A,1ubq
-0.7471344470977783,71,R,Q,A,1ubq
-0.6617054343223572,71,R,R,A,1ubq
-0.4451243579387665,71,R,S,A,1ubq
0.0850122720003128,71,R,T,A,1ubq
1.3483681678771973,71,R,V,A,1ubq
-0.4400138854980469,71,R,W,A,1ubq
-0.7800736427307129,71,R,Y,A,1ubq
-0.5428183078765869,72,L,A,A,1ubq
1.1125208139419556,72,L,C,A,1ubq
-0.34535136818885803,72,L,D,A,1ubq
-0.40557801723480225,72,L,E,A,1ubq
0.2844223976135254,72,L,F,A,1ubq
-0.3187556564807892,72,L,G,A,1ubq
0.27568697929382324,72,L,H,A,1ubq
1.4042249917984009,72,L,I,A,1ubq
-0.42614495754241943,72,L,K,A,1ubq
0.8743882179260254,72,L,L,A,1ubq
-0.3964739143848419,72,L,M,A,1ubq
-0.3720143437385559,72,L,N,A,1ubq
-0.4370824992656708,72,L,P,A,1ubq
-0.5845872759819031,72,L,Q,A,1ubq
0.3317963182926178,72,L,R,A,1ubq
-0.19648492336273193,72,L,S,A,1ubq
0.11511237174272537,72,L,T,A,1ubq
1.1483608484268188,72,L,V,A,1ubq
-1.3007690906524658,72,L,W,A,1ubq
-1.9869542121887207,72,L,Y,A,1ubq
-0.9495530724525452,73,R,A,A,1ubq
0.3424879312515259,73,R,C,A,1ubq
0.6287756562232971,73,R,D,A,1ubq
0.4436144232749939,73,R,E,A,1ubq
-0.6768646836280823,73,R,F,A,1ubq
-0.24552656710147858,73,R,G,A,1ubq
0.6219865679740906,73,R,H,A,1ubq
0.8553992509841919,73,R,I,A,1ubq
0.5959225296974182,73,R,K,A,1ubq
0.19285276532173157,73,R,L,A,1ubq
-0.7794401049613953,73,R,M,A,1ubq
0.08779653161764145,73,R,N,A,1ubq
0.18127234280109406,73,R,P,A,1ubq
0.06500707566738129,73,R,Q,A,1ubq
0.8444616198539734,73,R,R,A,1ubq
0.1374262422323227,73,R,S,A,1ubq
0.3436969816684723,73,R,T,A,1ubq
0.5474945306777954,73,R,V,A,1ubq
-1.7366529703140259,73,R,W,A,1ubq
-2.242776393890381,73,R,Y,A,1ubq
-1.260339617729187,74,G,A,A,1ubq
0.27328044176101685,74,G,C,A,1ubq
0.5150747299194336,74,G,D,A,1ubq
0.26568740606307983,74,G,E,A,1ubq
-0.7867738604545593,74,G,F,A,1ubq
-0.218902125954628,74,G,G,A,1ubq
0.7146076560020447,74,G,H,A,1ubq
0.5737979412078857,74,G,I,A,1ubq
0.8680253028869629,74,G,K,A,1ubq
0.07487417757511139,74,G,L,A,1ubq
-1.267991542816162,74,G,M,A,1ubq
0.5156455039978027,74,G,N,A,1ubq
0.3303665816783905,74,G,P,A,1ubq
0.15814796090126038,74,G,Q,A,1ubq
1.147430181503296,74,G,R,A,1ubq
0.3163616359233856,74,G,S,A,1ubq
0.20024612545967102,74,G,T,A,1ubq
0.24515938758850098,74,G,V,A,1ubq
-1.859806776046753,74,G,W,A,1ubq
-2.4179491996765137,74,G,Y,A,1ubq
-0.8391532301902771,75,G,A,A,1ubq
0.5769152045249939,75,G,C,A,1ubq
0.6991815567016602,75,G,D,A,1ubq
0.39995071291923523,75,G,E,A,1ubq
-0.4601327180862427,75,G,F,A,1ubq
-0.24647362530231476,75,G,G,A,1ubq
0.5776620507240295,75,G,H,A,1ubq
0.8974469900131226,75,G,I,A,1ubq
0.11856856942176819,75,G,K,A,1ubq
0.24777112901210785,75,G,L,A,1ubq
-0.8630101084709167,75,G,M,A,1ubq
0.098459392786026,75,G,N,A,1ubq
-0.15398761630058289,75,G,P,A,1ubq
-0.059739887714385986,75,G,Q,A,1ubq
0.5451386570930481,75,G,R,A,1ubq
0.1435879021883011,75,G,S,A,1ubq
0.24276398122310638,75,G,T,A,1ubq
0.6157152652740479,75,G,V,A,1ubq
-1.7387917041778564,75,G,W,A,1ubq
-2.1499223709106445,75,G,Y,A,1ubq
